acah,1
cdgj,1
dbfa,1
djhb,1
ebbd,1
edac,1
efid,1
fied,1
iceg,1
icjb,1
igij,1
jfbf,1
aadg,2
beih,2
bgca,2
cajj,2
djai,2
gdaa,2
ghbg,2
giji,2
ihii,2
bafd,3
cagb,3
caha,3
cjdg,3
fbbc,3
fjfb,3
geic,3
gfgd,3
hedg,3
ibgf,3
afbd,4
bdfa,4
feaa,4
fhhb,4
gcba,4
gcfh,4
gjii,4
hccj,4
hieb,4
iehb,4
aced,5
aeii,5
agjf,5
baia,5
bbfc,5
diib,5
ehaj,5
ehef,5
fgbi,5
gbgh,5
ghfc,5
heib,5
iebh,5
ajaa,6
bebd,6
chaa,6
chdi,6
cijb,6
dbhj,6
ejbg,6
fjbf,6
abai,7
aihf,7
bjff,7
effg,7
haca,7
hcdi,7
hgde,7
iaei,7
ibeh,7
iibd,7
iiea,7
iiih,7
jdia,7
jhgj,7
jhih,7
bbde,8
bigf,8
cjja,8
edca,8
fddj,8
gbca,8
gdjc,8
hhfb,8
jiad,8
agbc,9
bihe,9
chcj,9
ehfe,9
fbig,9
gaad,9
gjfa,9
hhec,9
hjjg,9
ahif,10
cecb,10
cgei,10
cjch,10
ebjg,10
gdhe,10
gjdc,10
iedf,10
iicc,10
bagc,11
ejha,11
gfbi,11
hhbf,11
ibfg,11
aeeb,12
agfj,12
dehg,12
fiah,12
ggfd,12
hhga,12
aiie,13
ajhe,13
egic,13
gdcj,13
aehj,14
ajgf,14
bfbc,14
bifg,14
cbij,14
didg,14
eedj,14
iiae,14
jjif,14
aghh,15
bdaf,15
bejg,15
cebc,15
dcjg,15
dfdj,15
eeab,15
fbgi,15
haej,15
hdff,15
igbf,15
jgjh,15
ahbb,16
eaaf,16
ejgb,16
hgha,16
acjj,17
chjc,17
dcdb,17
degh,17
fbjf,17
hbdj,17
iffc,17
jdgc,17
jfji,17
agcb,18
cbag,18
ciic,18
cjaj,18
dgcj,18
dhci,18
dhdh,18
djia,18
eibh,18
igag,18
igji,18
bgif,19
bjhd,19
cgjd,19
gacb,19
gdid,19
ifbg,19
agda,20
bacg,20
bhba,20
bjbj,20
dfjd,20
eahj,20
fcca,20
gabc,20
gfef,20
ghah,20
iahf,20
ihcd,20
ihdc,20
iijg,20
jjje,20
behi,21
cdbd,21
cjef,21
dcae,21
dhbj,21
ehgd,21
iafh,21
jfij,21
bgej,22
bjjb,22
dgfg,22
gbbb,22
gbhg,22
jajc,22
jbdh,22
jegb,22
cchj,23
cihd,23
ddda,23
ibid,23
ifed,23
ecfj,24
fhia,24
gaig,24
gebj,24
ghjj,24
gifb,24
hahg,24
hebi,24
igga,24
ijhh,24
jbge,24
jcfe,24
adbf,25
adce,25
ccbe,25
dbaf,25
dgjc,25
eihb,25
fcif,25
fhgc,25
hcaa,25
hfbh,25
ifcf,25
aagd,26
cdcc,26
ddbc,26
hdge,26
hfai,26
hfdf,26
jejj,26
bcfb,27
bfad,27
ccaf,27
cibj,27
dbeb,27
dgid,27
gcab,27
hgbg,27
icff,27
idfe,27
idib,27
jicb,27
bbah,28
cfej,28
cige,28
gbfi,28
hfee,28
hjea,28
ibhe,28
cade,29
daga,29
ecad,29
ffic,29
fjce,29
hgah,29
ijig,29
ijjf,29
jcgd,29
jhae,29
bfgi,30
cehh,30
ceig,30
dgeh,30
egeg,30
gbac,30
hgcf,30
jbci,30
ahhg,31
bahb,31
fehe,31
fgef,31
giec,31
gjjh,31
hbei,31
jede,31
afdb,32
bdcd,32
eifd,32
fjga,32
iajd,32
ijbc,32
ijda,32
adji,33
ccdc,33
dbcd,33
djfd,33
eadc,33
ecbc,33
fejc,33
gcie,33
ghed,33
hfcg,33
idgd,33
jgeb,33
caah,34
cead,34
daec,34
eafa,34
eaii,34
fagj,34
iegc,34
ijcb,34
agig,35
bgfi,35
ebea,35
eghd,35
fbfj,35
geci,35
hjdb,35
jfga,35
abee,36
ajfg,36
dbdc,36
defi,36
eeie,36
efaa,36
ffeg,36
fgch,36
jacj,36
ahca,37
bcec,37
diaj,37
edbb,37
fcbb,37
fgdg,37
hdbj,37
iheb,37
aafe,38
afhi,38
dfab,38
dhic,38
dija,38
eefh,38
eegg,38
ejed,38
fdgg,38
gbje,38
icci,38
idhc,38
iigj,38
jbeg,38
jcja,38
adij,39
aiei,39
ddcb,39
deej,39
efjc,39
feid,39
fhfd,39
ficf,39
hdjb,39
ieai,39
jifj,39
aahc,40
beea,40
cfgh,40
ejjj,40
fbhh,40
ggia,40
hhce,40
hiii,40
acha,41
cheh,41
dbbe,41
gbif,41
hbhf,41
icdh,41
jhbd,41
aiab,42
cffi,42
cfhg,42
cgab,42
gidd,42
hjgj,42
ieia,42
jgfa,42
bfda,43
bghg,43
dgdi,43
dheg,43
fdba,43
hbab,43
jbhd,43
jeed,43
jfag,43
cgdj,44
efgf,44
ehbi,44
fefg,44
ffff,44
fhbh,44
gedh,44
hhji,44
idef,44
jcdg,44
aggi,45
baee,45
caed,45
ddad,45
eaeb,45
eccb,45
fggd,45
gghb,45
hbjd,45
hidc,45
icic,45
idch,45
ihjh,45
jagf,45
abgc,46
bbed,46
cceb,46
fijj,46
hfia,46
iadj,46
jcbi,46
abhb,47
cbji,47
egge,47
facc,47
aaaj,48
biaa,48
bidi,48
chgf,48
dcih,48
ddhh,48
edej,48
eidf,48
ffjb,48
gafj,48
ghcf,48
igec,48
jihh,48
chfg,49
chid,49
dffh,49
jhhi,49
jjca,49
agad,50
ajid,50
bfcb,50
dccc,50
egbj,50
ehib,50
fdfh,50
fgib,50
fhdf,50
hafi,50
hehc,50
iaab,50
jchc,50
jdhb,50
jida,50
afih,51
ceda,51
fhcg,51
jadi,51
jgii,51
abdf,52
bgbb,52
cbec,52
cici,52
daij,52
fgaj,52
haac,52
hfhb,52
idaj,52
iecg,52
jgbe,52
acbg,53
babh,53
bhei,53
eeei,53
egdh,53
ggai,53
hijh,53
idbi,53
idja,53
ifjj,53
iihi,53
jibc,53
ajjc,54
bfig,54
cggg,54
dgaa,54
ecjf,54
ffci,54
gjeb,54
hech,54
hhag,54
iaba,54
jcib,54
jebg,54
jffb,54
bgac,55
ebae,55
gdeh,55
jecf,55
aidj,56
ajcj,56
bbgb,56
bfhh,56
bggh,56
bhdj,56
cafc,56
cfje,56
cgba,56
dcgj,56
dghe,56
edje,56
gffe,56
igce,56
igfb,56
jhdb,56
aedc,57
cjib,57
fcfi,57
fibg,57
ggcg,57
gjcd,57
jdcg,57
bhhf,58
gfib,58
habb,58
adec,59
aebe,59
ejfc,59
gddi,59
ghgb,59
hjae,59
bcji,60
cidh,60
dfba,60
ejcf,60
ghde,60
hdci,60
ifde,60
jbff,60
jcaj,60
afjg,61
bjic,61
cefj,61
chhe,61
debb,61
deca,61
hfgc,61
abbh,62
bhab,62
deif,62
hdic,62
jghj,62
jhjg,62
cgfh,63
dife,63
fcac,63
gehd,63
ibaa,63
igdd,63
badf,64
bdii,64
gchf,64
ibcj,64
ihhj,64
jeha,64
jhcc,64
jjej,64
aaja,65
deac,65
edgh,65
gibf,65
ifha,65
ijad,65
jfec,65
afcc,66
cfac,66
cjhc,66
efeh,66
gjhj,66
hbba,66
ieee,66
jjac,66
abfd,67
abia,67
adfb,67
afea,67
cacf,67
cddb,67
cgie,67
daji,67
dief,67
ffbj,67
ggdf,67
bcga,68
biid,68
cghf,68
cjbi,68
dadd,68
dhjb,68
fcje,68
fjji,68
gfdg,68
gice,68
giij,68
gjaf,68
jaid,68
cfbb,69
cjgd,69
dfie,69
dggf,69
eajh,69
faih,69
hddh,69
hifa,69
ichd,69
abcg,70
bieh,70
cccd,70
dfhf,70
egff,70
feeh,70
fegf,70
ffhd,70
fjij,70
gcjd,70
hdhd,70
icge,70
adag,71
bcag,71
bcij,71
becc,71
cbfb,71
eiai,71
eiia,71
fabd,71
fcgh,71
hbie,71
ifgb,71
iidb,71
jgcd,71
bdeb,72
begj,72
cbdd,72
cejf,72
dbii,72
dcea,72
dfei,72
fahi,72
gagi,72
hjbd,72
ihbe,72
jafg,72
acfc,73
bhie,73
cbga,73
dace,73
djcg,73
fadb,73
fecj,73
heja,73
acde,74
ahje,74
aiba,74
bjdh,74
dhhd,74
eehf,74
fifc,74
gbej,74
jbbj,74
jfdd,74
addd,75
beae,75
bedb,75
ccjh,75
cfif,75
cjfe,75
dabf,75
ebdb,75
hcjc,75
jbic,75
jjbb,75
afgj,76
bhgg,76
cdhi,76
fdjd,76
gada,76
gfch,76
gfhc,76
bcce,77
cdea,77
dich,77
ebih,77
edif,77
jbjb,77
adga,78
afae,78
ahac,78
ajdi,78
dfgg,78
edhg,78
ggbh,78
giga,78
jfce,78
ahej,79
cieg,79
dhff,79
dhge,79
faea,79
fedi,79
ifah,79
ihfa,79
bcdd,80
bgje,80
cabg,80
dafb,80
deje,80
gcei,80
hjcc,80
iefd,80
daag,81
dcbd,81
ehch,81
figb,81
fjdd,81
heaj,81
hffd,81
icbj,81
baai,82
echh,82
egjb,82
geff,82
hjih,82
ijgi,82
jahe,82
aejh,83
bfjf,83
bhjd,83
cdih,83
ghha,83
hagh,83
hdeg,83
hegd,83
hged,83
iagg,83
jefc,83
jjhg,83
aaef,84
accf,84
bhfh,84
dbjh,84
eigc,84
fajg,84
gfja,84
hcfg,84
jigi,84
jjfi,84
aach,85
ddjf,85
ebcc,85
ebhi,85
ecig,85
eiee,85
ffge,85
fhai,85
hibe,85
ahgh,86
bbha,86
bdbe,86
bjge,86
eejd,86
fiha,86
haif,86
hcgf,86
jdai,86
jddf,86
jdee,86
aaib,87
bjci,87
ccii,87
djdf,87
egci,87
gcgg,87
giag,87
hhdd,87
jaeh,87
cdae,88
cfca,88
djgc,88
eeba,88
gcdj,88
geeg,88
ggee,88
hihj,88
ibjc,88
jiig,88
bffj,89
bicj,89
bijc,89
fbda,89
fgja,89
fide,89
aefa,90
ajeh,90
bbjj,90
bddc,90
bdjh,90
cbce,90
fbad,90
ffdh,90
gdfg,90
hceh,90
jijf,90
ejah,91
faae,91
fghc,91
bbbg,92
dibi,92
dihc,92
djbh,92
gajf,92
hcid,92
jcch,92
jhea,92
aeaf,93
bjeg,93
ddgi,93
ecda,93
fbcb,93
fjag,93
hbfh,93
ihaf,93
jdbh,93
acgb,94
bdhj,94
fcej,94
fchg,94
fdei,94
hefe,94
hgfc,94
cdjg,95
efcj,95
ehdg,95
ehja,95
fdab,95
fdie,95
fgfe,95
hbgg,95
hggb,95
iddg,95
jcef,95
jgdc,95
dchi,96
digd,96
eacd,96
ebgj,96
eicg,96
jeah,96
ahfi,97
aifh,97
aigg,97
bbcf,97
cbbf,97
ddfj,97
edfi,97
fdhf,97
gfaj,97
gggc,97
hche,97
hgjj,97
hiaf,97
ijfj,97
jdfd,97
jgaf,97
ccfa,98
cegi,98
djee,98
eabe,98
ecgi,98
efdi,98
ehhc,98
gjbe,98
hjhi,98
iaie,98
ibdi,98
aabi,99
aecd,99
bcbf,99
ddig,99
efhe,99
ejde,99
gdgf,99
gege,99
haje,99
hhij,99
hicd,99
jaaa,99
aijd,100
ciff,100
fhee,100
fjec,100
gahh,100
gejb,100
heef,100
jjgh,100
